DocumentDefinitionName,CategoryName
Ön Bilgilendirme Formu,Bireysel Müşteri Devir Evrakları
Kimlik Fotokopisi,Bireysel Müşteri Devir Evrakları
İmza Beyannamesi,Bireysel Müşteri Devir Evrakları
Devir Sözleşmesi,Bireysel Müşteri Devir Evrakları
Sözleşme,Kurumsal Müşteri Kayıt Evrakları
Kimlik Fotokopisi,Kurumsal Müşteri Kayıt Evrakları
Dekont,Kurumsal Müşteri Kayıt Evrakları
Katılım Payı Dilekçesi,Kurumsal Müşteri Kayıt Evrakları
Ön Bilgilendirme Formu,Kurumsal Müşteri Kayıt Evrakları
Vergi Levhası,Kurumsal Müşteri Kayıt Evrakları
Ödeme Planı,Kurumsal Müşteri Kayıt Evrakları
İmza Beyannamesi,Kurumsal Müşteri Kayıt Evrakları
Şirketin Faaliyet Belgesi,Kurumsal Müşteri Kayıt Evrakları
İmza Sirküleri,Kurumsal Müşteri Kayıt Evrakları
Ticaret Sicil Gazete Yazısı,Kurumsal Müşteri Kayıt Evrakları
Virman Dilekçesi,Kurumsal Müşteri Kayıt Evrakları
Sözleşme,Bireysel Müşteri Kayıt Evrakları
Kimlik Fotokopisi,Bireysel Müşteri Kayıt Evrakları
Dekont,Bireysel Müşteri Kayıt Evrakları
Katılım Payı Dilekçesi,Bireysel Müşteri Kayıt Evrakları
Ön Bilgilendirme Formu,Bireysel Müşteri Kayıt Evrakları
Ödeme Planı,Bireysel Müşteri Kayıt Evrakları
İmza Beyannamesi,Bireysel Müşteri Kayıt Evrakları
Virman Dilekçesi,Bireysel Müşteri Kayıt Evrakları
Ön Bilgilendirme Formu,Kurumsal Müşteri Devir Evrakları
İmza Beyannamesi,Kurumsal Müşteri Devir Evrakları
Devir Sözleşmesi,Kurumsal Müşteri Devir Evrakları
Vergi Levhası,Kurumsal Müşteri Devir Evrakları
Şirketin Faaliyet Belgesi,Kurumsal Müşteri Devir Evrakları
İmza Sirküleri,Kurumsal Müşteri Devir Evrakları
Ticaret Sicil Gazete Yazısı,Kurumsal Müşteri Devir Evrakları
Sözleşme,Bireysel Müşteri Virman Evrakları
Kimlik Fotokopisi,Bireysel Müşteri Virman Evrakları
Dekont,Bireysel Müşteri Virman Evrakları
Katılım Payı Dilekçesi,Bireysel Müşteri Virman Evrakları
Ödeme Planı,Bireysel Müşteri Virman Evrakları
İmza Beyannamesi,Bireysel Müşteri Virman Evrakları
Ön Bilgilendirme Formu,Bireysel Müşteri Virman Evrakları
Sözleşme,Kurumsal Müşteri Virman Evrakları
Dekont,Kurumsal Müşteri Virman Evrakları
Katılım Payı Dilekçesi,Kurumsal Müşteri Virman Evrakları
Ön Bilgilendirme Formu,Kurumsal Müşteri Virman Evrakları
Ödeme Planı,Kurumsal Müşteri Virman Evrakları
İmza Beyannamesi,Kurumsal Müşteri Virman Evrakları
Vergi Levhası,Kurumsal Müşteri Virman Evrakları
Şirketin Faaliyet Belgesi,Kurumsal Müşteri Virman Evrakları
İmza Sirküleri,Kurumsal Müşteri Virman Evrakları
Ticaret Sicil Gazete Yazısı,Kurumsal Müşteri Virman Evrakları
Kimlik,Tahsisat Evrakları
İkametgah,Tahsisat Evrakları
Nüfus Kayıt Örneği,Tahsisat Evrakları
Maaş Bordrosu,Tahsisat Evrakları
SGK Dökümü,Tahsisat Evrakları
Eş Onayı,Tahsisat Evrakları
Eşten Noter İmza Beyanı,Tahsisat Evrakları
Şubeden İmza Beyanı,Tahsisat Evrakları
Sigorta Talepnamesi,Tahsisat Evrakları
Kefalet Sözleşmesi,Tahsisat Evrakları
Vergi Levhası,Tahsisat Evrakları
İmza Sirküleri Veya İmza Beyanı Fotokopisi,Tahsisat Evrakları
Faaliyet Belgesi,Tahsisat Evrakları
Ticaret Sicil Gazetesi,Tahsisat Evrakları
Kefil Kimlik,Tahsisat Evrakları
Kefil İkametgah,Tahsisat Evrakları
Kefil Nüfus Kayıt Örneği,Tahsisat Evrakları
Kefil Maaş Bordrosu,Tahsisat Evrakları
Kefil SGK Dökümü,Tahsisat Evrakları
Kefil Eş Onayı,Tahsisat Evrakları
Kefil Eşten Noter İmza Beyanı,Tahsisat Evrakları
Kefil Şubeden İmza Beyanı,Tahsisat Evrakları
Kefil Sigorta Talepnamesi,Tahsisat Evrakları
Kefil Kefalet Sözleşmesi,Tahsisat Evrakları
Kefil Vergi Levhası,Tahsisat Evrakları
Kefil İmza Sirküleri Veya İmza Beyanı Fotokopisi,Tahsisat Evrakları
Kefil Faaliyet Belgesi,Tahsisat Evrakları
Kefil Ticaret Sicil Gazetesi,Tahsisat Evrakları
Kefil Maaş Bordrosu,Tahsisat Evrakları
Ayrılma Dilekçesi,Ayrılma Evrakları
Ölüm Belgesi,Ayrılma Evrakları
Mirasçılık Belgesi,Ayrılma Evrakları
Borcu Yoktur Yazısı,Ayrılma Evrakları
Nüfus Kayıt Örneği,Ayrılma Evrakları
İhtarname,Ayrılma Evrakları
İbraname,Ayrılma Evrakları
Ruhsat Fotokopisi,Teminat/Ekspertiz Evrakları Araç
Tramer Kaydı,Teminat/Ekspertiz Evrakları Araç
Km Fotoğrafı,Teminat/Ekspertiz Evrakları Araç
Araç Fotoğrafları,Teminat/Ekspertiz Evrakları Araç
Finansman Konusu Değişikliği,Teminat/Ekspertiz Evrakları Araç
Rehin Dekontu,Satış Sonrası Evrakları Araç
Yeni Ruhsat,Satış Sonrası Evrakları Araç
Satış Sözleşmesi,Satış Sonrası Evrakları Araç
Rehin Sözleşmesi,Satış Sonrası Evrakları Araç
Araç Tahsisat Takip Formu ,Satış Sonrası Evrakları Araç
Vekaletname,Satış Sonrası Evrakları Araç
Ödeme Talimatı,Satış Sonrası Evrakları Araç
Güncel Ödeme Planı,Satış Sonrası Evrakları Araç
Tapu,Teminat/Ekspertiz Evrakları Konut
TAKBİS,Teminat/Ekspertiz Evrakları Konut
Değerleme Yetki Onayı,Teminat/Ekspertiz Evrakları Konut
Ekspertiz Ücreti Dekontu,Teminat/Ekspertiz Evrakları Konut
Finansman Konusu Değişikliği,Teminat/Ekspertiz Evrakları Konut
Malik Onay Yazısı,Teminat/Ekspertiz Evrakları Konut
Muvafakatname,Satış Sonrası Evrakları Konut
TAKBİS,Satış Sonrası Evrakları Konut
Güncel Ödeme Planı,Satış Sonrası Evrakları Konut
Yeni Tapu,Satış Sonrası Evrakları Konut
Tapu,Satış Sonrası Evrakları Konut
Ödeme Talimatı,Satış Sonrası Evrakları Konut
Vekaletname,Satış Sonrası Evrakları Konut
Konut Tahsisat Takip Formu,Satış Sonrası Evrakları Konut

